-- phpMyAdmin SQL Dump
-- version 3.5.8
-- http://www.phpmyadmin.net
--
-- Host: 127.0.0.1
-- Generation Time: Apr 10, 2017 at 04:42 PM
-- Server version: 5.5.54-0ubuntu0.14.04.1
-- PHP Version: 5.4.5

/*!40101 SET @OLD_CHARACTER_SET_CLIENT=@@CHARACTER_SET_CLIENT */;
/*!40101 SET @OLD_CHARACTER_SET_RESULTS=@@CHARACTER_SET_RESULTS */;
/*!40101 SET @OLD_COLLATION_CONNECTION=@@COLLATION_CONNECTION */;
/*!40101 SET NAMES utf8 */;

--
-- Database: 'payroll'
--

-- --------------------------------------------------------

--
-- Table structure for table 'users'
--

CREATE TABLE IF NOT EXISTS users (
  username varchar(30) NOT NULL,
  first_name varchar(30) NOT NULL,
  last_name varchar(30) NOT NULL,
  password varchar(40) NOT NULL,
  salary int NOT NULL
);

--
-- Dumping data for table 'users'
--

INSERT INTO users (username, first_name, last_name, password, salary) VALUES
('james_kirk','James','Kirk','kobayashi_maru','25000'),
('mr_spock','Mr','Spock','0nlyL0g!c','99000'),
('leonard_mccoy','Leonard','McCoy','hesDEADjim!','45000'),
('nyota_uhura','Nyota','Uhura','StarShine','39000'),
('montgomery_scott','Montgomery','Scott','ScottyDoesntKnow','1250'),
('hiraku_sulu','Hikaru','Sulu','parking-break-on','3500'),
('pavel_chekov','Pavel','Chekov','99victorvictor2','2500');


DROP TABLE IF EXISTS authors;

CREATE TABLE IF NOT EXISTS authors (
  id serial PRIMARY KEY,
  first_name varchar(50) NOT NULL,
  last_name varchar(50) NOT NULL,
  email varchar(100) NOT NULL,
  birthdate date NOT NULL,
  added timestamp DEFAULT current_timestamp
);


INSERT INTO authors (id, first_name, last_name, email, birthdate, added) VALUES (1, 'Sydney', 'Hand', 'ratke.jeanette@example.net', '1977-08-15', '2000-12-13 11:17:17'),
 (2, 'Kelsi', 'Hahn', 'friedrich76@example.com', '1997-04-02', '2001-02-15 17:38:43'),
 (3, 'Sydnee', 'Farrell', 'mekhi.heaney@example.net', '1992-12-28', '1983-09-08 01:43:06'),
 (4, 'Angelica', 'Kulas', 'marlon.koch@example.org', '1970-02-20', '2018-04-10 08:32:03'),
 (5, 'Hermina', 'Trantow', 'simone.wolf@example.net', '2007-11-24', '1980-02-15 13:05:55'),
 (6, 'Armand', 'Collier', 'aturner@example.com', '1994-06-08', '1978-01-03 21:13:35'),
 (7, 'Rosalyn', 'Beer', 'amy.kris@example.org', '2019-03-06', '2001-11-07 14:59:10'),
 (8, 'Carmela', 'Hagenes', 'nbogan@example.org', '2012-05-22', '2004-12-09 04:18:20'),
 (9, 'Anjali', 'Jacobs', 'effertz.jazmyn@example.net', '1983-11-27', '2017-02-17 13:19:46'),
 (10, 'Archibald', 'Daugherty', 'bergstrom.camille@example.org', '2015-02-27', '2008-10-21 11:32:00'),
 (11, 'Hassan', 'Farrell', 'nedra.hermiston@example.com', '1991-03-01', '2012-02-11 08:22:50'),
 (12, 'Duane', 'McDermott', 'lesley50@example.net', '1992-01-09', '1975-04-17 23:14:51'),
 (13, 'Pearline', 'Toy', 'vabshire@example.com', '1999-09-13', '1987-01-23 13:35:50'),
 (14, 'Destany', 'Turner', 'ada.satterfield@example.com', '2018-03-04', '1984-01-04 17:49:46'),
 (15, 'Zora', 'Leffler', 'karlee.kertzmann@example.net', '2014-06-01', '1983-02-13 22:19:57'),
 (16, 'Roscoe', 'Shanahan', 'macey.orn@example.net', '1981-12-20', '2010-07-17 09:32:21'),
 (17, 'Dessie', 'Farrell', 'smitham.monique@example.com', '1988-05-07', '2022-07-10 16:34:08'),
 (18, 'Lloyd', 'Koelpin', 'arvid93@example.net', '1974-04-16', '1971-01-30 21:18:44'),
 (19, 'Johnathan', 'Ledner', 'sokuneva@example.org', '1990-07-13', '2012-08-21 13:59:26'),
 (20, 'Corbin', 'Osinski', 'cgerlach@example.net', '1976-04-27', '1982-12-13 22:01:04'),
 (21, 'Magdalena', 'Smitham', 'calista65@example.org', '1985-10-16', '2003-07-07 09:19:47'),
 (22, 'Jessie', 'Howe', 'shermann@example.net', '2019-06-25', '2016-01-28 10:17:16'),
 (23, 'Maurice', 'Pacocha', 'montana.walker@example.com', '1971-10-12', '2016-03-09 16:26:12'),
 (24, 'Mallie', 'Schmidt', 'hane.rocky@example.com', '2011-07-10', '1989-02-20 07:52:03'),
 (25, 'Josh', 'Schuppe', 'ciara47@example.com', '1993-02-01', '2021-03-27 23:42:31'),
 (26, 'Joshuah', 'Nienow', 'johnathon72@example.com', '1993-10-11', '2000-03-03 21:41:58'),
 (27, 'Ethan', 'Jaskolski', 'znitzsche@example.net', '1980-03-13', '1997-09-22 23:18:22'),
 (28, 'Destini', 'Quigley', 'connelly.demond@example.com', '1984-06-29', '1970-10-08 02:55:06'),
 (29, 'Clement', 'Upton', 'femmerich@example.net', '1998-06-18', '1982-08-08 22:49:32'),
 (30, 'Nakia', 'Ullrich', 'qreynolds@example.com', '1979-02-22', '1970-11-25 15:39:09'),
 (31, 'Brenna', 'Connelly', 'tito15@example.org', '2001-06-23', '1995-07-06 13:16:46'),
 (32, 'Torrance', 'Schumm', 'cwest@example.net', '2019-08-18', '2022-11-13 10:10:50'),
 (33, 'Giovanni', 'Gorczany', 'olson.alycia@example.org', '1986-03-31', '2011-10-31 07:59:30'),
 (34, 'Vergie', 'Zemlak', 'monique.langosh@example.org', '1989-12-07', '1998-12-02 21:30:53'),
 (35, 'Aliyah', 'Rolfson', 'mccullough.bert@example.net', '1982-11-02', '2015-04-08 05:05:18'),
 (36, 'Dustin', 'Nitzsche', 'cleve10@example.com', '1975-03-03', '2014-07-09 00:22:09'),
 (37, 'Myra', 'Anderson', 'dhuel@example.net', '2001-01-02', '1976-01-18 18:12:08'),
 (38, 'Matilda', 'Mosciski', 'tevin.greenholt@example.net', '2015-05-03', '2014-02-20 23:00:32'),
 (39, 'George', 'Greenfelder', 'purdy.linnie@example.com', '1986-01-01', '1976-03-26 05:08:31'),
 (40, 'Courtney', 'Schuppe', 'donna.harber@example.net', '1973-06-01', '2012-03-07 18:39:43'),
 (41, 'Baron', 'Lynch', 'nathaniel42@example.net', '1989-07-06', '2002-10-17 01:27:32'),
 (42, 'Anna', 'Prosacco', 'konopelski.jaden@example.com', '1999-05-29', '2008-09-03 15:46:02'),
 (43, 'Eloise', 'Nienow', 'anastasia75@example.org', '2022-02-18', '2003-10-06 05:17:57'),
 (44, 'Darrel', 'Shanahan', 'elliott.beatty@example.org', '1974-10-02', '1984-06-17 20:04:05'),
 (45, 'Shania', 'Stehr', 'tromp.mathias@example.com', '1989-10-01', '1981-10-07 21:11:42'),
 (46, 'Jesse', 'Cremin', 'baby.feeney@example.com', '1993-05-27', '1995-07-19 23:35:51'),
 (47, 'Nola', 'Harris', 'beahan.shakira@example.com', '1981-09-11', '2006-09-05 02:59:50'),
 (48, 'Justus', 'Marvin', 'schaden.margarette@example.org', '2007-04-10', '1987-10-10 15:25:05'),
 (49, 'Berry', 'Kovacek', 'jamir36@example.org', '2007-09-15', '2011-10-01 03:06:30'),
 (50, 'Einar', 'Lynch', 'reymundo56@example.net', '1987-02-03', '2002-06-27 01:34:55'),
 (51, 'Orin', 'Wehner', 'laurine.auer@example.org', '1988-02-15', '2021-03-19 16:12:15'),
 (52, 'Sallie', 'Heathcote', 'ukreiger@example.com', '1982-03-03', '1977-06-05 21:37:21'),
 (53, 'Damien', 'Larson', 'leopold.hartmann@example.com', '2011-03-24', '2014-05-27 07:07:37'),
 (54, 'Friedrich', 'Tremblay', 'sanford.kenyon@example.com', '2016-05-30', '1981-12-19 02:49:43'),
 (55, 'Jesse', 'Abbott', 'zschimmel@example.com', '1993-03-21', '2023-02-16 00:07:48'),
 (56, 'Blaise', 'Ortiz', 'hermann.alberto@example.net', '2020-07-30', '2017-10-15 07:54:17'),
 (57, 'Blake', 'Leffler', 'cpagac@example.net', '2012-01-10', '1971-04-30 09:21:49'),
 (58, 'Gaston', 'Toy', 'noel31@example.net', '1987-02-15', '1972-11-28 14:31:02'),
 (59, 'Kurt', 'Larson', 'fahey.benjamin@example.net', '2014-09-09', '1988-12-10 16:30:10'),
 (60, 'Keaton', 'Weissnat', 'amarquardt@example.com', '2008-05-07', '1971-12-23 15:24:31'),
 (61, 'Jude', 'Ullrich', 'amore@example.org', '1978-10-09', '1982-09-30 19:52:55'),
 (62, 'Dejon', 'Schneider', 'garrick87@example.com', '2010-11-27', '1990-09-27 10:13:43'),
 (63, 'Vernie', 'Jast', 'alda72@example.net', '1983-05-01', '1987-02-19 01:39:56'),
 (64, 'Isaiah', 'Kuphal', 'derick.kertzmann@example.com', '2006-01-10', '2020-02-27 12:20:51'),
 (65, 'Janessa', 'Runte', 'xreilly@example.net', '1999-06-15', '1983-02-08 01:19:18'),
 (66, 'Jane', 'Funk', 'hamill.danyka@example.net', '1974-05-09', '1990-09-23 05:50:35'),
 (67, 'Albertha', 'Kerluke', 'mertz.elenor@example.org', '1991-05-09', '1988-08-27 13:24:15'),
 (68, 'Aaliyah', 'Ondricka', 'zieme.verdie@example.org', '1990-09-30', '1981-05-01 10:36:27'),
 (69, 'Leonora', 'Ziemann', 'megane66@example.com', '1974-06-16', '1984-07-25 14:49:10'),
 (70, 'Lauren', 'Treutel', 'qwillms@example.org', '1994-02-12', '1971-07-30 05:17:29'),
 (71, 'Manuela', 'Conn', 'rowland35@example.net', '2010-06-26', '2009-08-18 23:07:38'),
 (72, 'Omari', 'Schaden', 'dora.feest@example.net', '1992-08-14', '2013-11-19 14:23:43'),
 (73, 'Otho', 'Greenholt', 'lloyd.heathcote@example.com', '1999-03-21', '1998-08-05 17:19:52'),
 (74, 'Conner', 'Bogisich', 'ihudson@example.net', '1984-06-26', '2020-06-18 07:00:50'),
 (75, 'Lloyd', 'Quigley', 'arnaldo82@example.net', '1996-01-23', '1999-11-05 00:01:59'),
 (76, 'Marilie', 'Klocko', 'kautzer.dameon@example.net', '1981-07-27', '2006-09-21 23:04:37'),
 (77, 'Mack', 'Rau', 'johnston.tracey@example.com', '2000-02-29', '2021-12-17 14:54:55'),
 (78, 'Donnell', 'Olson', 'schumm.lucienne@example.org', '2002-08-08', '2002-11-07 11:20:42'),
 (79, 'Mona', 'Robel', 'grimes.mauricio@example.com', '1997-07-05', '2016-09-11 23:01:48'),
 (80, 'Ebony', 'Abbott', 'jeffery.mayer@example.com', '1977-10-20', '2009-05-22 21:53:29'),
 (81, 'Isaiah', 'Weber', 'dparker@example.com', '2000-09-08', '1987-02-11 17:41:21'),
 (82, 'Roberto', 'Will', 'leuschke.jaquan@example.com', '1981-05-22', '1980-03-19 08:06:16'),
 (83, 'Theron', 'Treutel', 'amely32@example.org', '1975-04-04', '2013-01-31 04:14:29'),
 (84, 'Richard', 'Bechtelar', 'schaefer.brionna@example.net', '2018-10-04', '1979-12-18 00:07:26'),
 (85, 'Sean', 'Runte', 'stracke.noelia@example.org', '1970-04-11', '2012-01-04 03:51:12'),
 (86, 'Elise', 'Rau', 'katlyn77@example.org', '1972-12-30', '1983-10-11 15:49:10'),
 (87, 'Jordane', 'Toy', 'owisozk@example.com', '1997-03-20', '1997-09-22 21:38:17'),
 (88, 'Brenna', 'Murray', 'littel.jana@example.com', '1979-06-30', '1975-07-18 14:25:29'),
 (89, 'Barbara', 'Paucek', 'predovic.kiana@example.org', '1989-05-28', '2011-01-09 14:43:33'),
 (90, 'Harold', 'Robel', 'rau.charity@example.com', '1972-06-21', '2016-07-21 18:07:20'),
 (91, 'Tremayne', 'Dare', 'doyle.lelia@example.net', '1989-04-21', '2017-05-06 13:32:57'),
 (92, 'Ola', 'Schuppe', 'boyd78@example.com', '2002-04-26', '2002-11-25 22:26:44'),
 (93, 'Jordy', 'Williamson', 'joseph93@example.org', '1975-07-30', '1996-01-19 01:11:11'),
 (94, 'Frederick', 'Champlin', 'benny06@example.org', '2005-10-28', '1981-01-14 00:52:49'),
 (95, 'Aubree', 'Rodriguez', 'gerhold.damian@example.com', '1997-11-07', '1997-04-18 20:17:04'),
 (96, 'Billie', 'Herzog', 'zoila25@example.com', '2000-11-11', '1983-09-01 15:57:20'),
 (97, 'Davonte', 'Casper', 'adams.edgar@example.net', '1978-04-24', '1976-02-08 09:53:20'),
 (98, 'Nellie', 'McClure', 'colleen89@example.com', '2004-11-20', '1992-02-20 14:49:24'),
 (99, 'Brook', 'Gleichner', 'terrill.shields@example.org', '2015-12-04', '1987-06-01 04:34:06'),
 (100, 'Virgil', 'Streich', 'padberg.aimee@example.org', '1970-12-29', '2012-04-04 19:42:50');

DROP TABLE IF EXISTS posts;

CREATE TABLE posts (
  id SERIAL PRIMARY KEY,
  author_id int NOT NULL,
  title varchar(255) NOT NULL,
  description varchar(500) NOT NULL,
  content text NOT NULL,
  date date NOT NULL
);

INSERT INTO posts (id, author_id, title, description, content, date) VALUES (1, 1, 'Molestiae maxime nulla ea quis asperiores asperiores.', 'Qui aut velit voluptatem nam. Nam saepe est beatae aut molestiae. Culpa sed numquam aliquam minus facilis consectetur. Non consequuntur eligendi tempora qui omnis est harum.', 'Ipsa maxime et eos dolor. Et laborum illum adipisci cumque accusantium iusto.', '1991-11-07'),
 (2, 2, 'Sunt temporibus non alias sed.', 'Voluptatem et occaecati quam a rerum illo. Nihil magnam in quibusdam quibusdam est odit accusamus labore. Dignissimos reprehenderit et omnis est molestiae temporibus odio deleniti. Libero in id consectetur praesentium ut eos sunt perferendis. Dignissimos error ea atque consequuntur quam possimus.', 'Accusantium est totam adipisci quia voluptatem doloribus ut. Ipsa doloribus sit quaerat nesciunt perferendis doloribus. Rerum ipsum sit aliquid voluptate.', '2001-10-17'),
 (3, 3, 'Vitae molestias autem ut reprehenderit voluptatem et.', 'Expedita doloremque nihil voluptatem. Aliquid omnis officiis quia tempora provident voluptatem. Voluptatum ut libero et molestiae culpa. Molestiae ratione tempore velit consequatur commodi ipsum.', 'Aliquid omnis et delectus et veritatis dicta. Magnam maxime ipsa et animi. Qui cum a est maiores. Repellat non deserunt fuga sint dicta.', '1979-06-25'),
 (4, 4, 'Alias molestias qui qui quo.', 'Ea laborum ullam illo praesentium aliquid voluptatem. Optio ab voluptatem voluptatem dolore sed neque. Natus omnis architecto harum quae nulla.', 'Et ad et dignissimos laborum fuga in molestias. Magnam quia ullam sed fugit quaerat qui dolor.', '2013-05-25'),
 (5, 5, 'Ducimus omnis similique sed quis dolore.', 'Dolores aut ipsum reiciendis laboriosam eligendi autem aut. Aut consequuntur atque itaque sunt repellendus voluptas nemo. Facilis impedit rerum nisi rerum neque.', 'Et omnis architecto veniam quam accusamus ut voluptatum. Esse id repellendus iure a nulla. Odit laborum aut nihil et. Dolores corrupti similique odit quisquam iure cupiditate.', '2019-01-01'),
 (6, 6, 'Animi reiciendis deserunt omnis ad animi assumenda perferendis.', 'Aut tempora dolor ut et ipsam neque dolores. Porro sunt qui et beatae velit reprehenderit consequatur. Quia provident ut et vel ut adipisci. Est dicta reiciendis nobis voluptate optio nesciunt est corporis. Qui nulla corporis et aperiam.', 'Id quisquam voluptas totam. Voluptate ut omnis doloribus sint deleniti. Et aut illum nam. Quod eos repudiandae enim cumque modi saepe.', '2017-04-04'),
 (7, 7, 'Enim laboriosam aut dolor.', 'Quo ipsum praesentium laboriosam cupiditate voluptatum magnam. Ipsam in et voluptatem cum nemo nisi voluptate et. Similique aut quae eius numquam. Laborum ut molestias non et rerum enim quae.', 'Dolor quidem voluptas et dolorem magnam qui saepe. Necessitatibus aperiam doloribus dicta recusandae eaque et doloribus. In autem quidem quos vitae error reiciendis.', '2013-03-08'),
 (8, 8, 'Esse voluptatibus voluptas facilis sit voluptate illo quo.', 'Non aperiam molestiae placeat laborum amet qui. Cumque minima quia mollitia libero molestiae. Aut et accusantium voluptatum aut neque fugit.', 'Facilis repellat sit voluptas autem et. Ipsa eos expedita nam possimus at ut dicta. Qui animi eius minus fugiat minus.', '2012-09-30'),
 (9, 9, 'Expedita qui totam ducimus.', 'Ducimus consequatur et vel et dolor perferendis. Quaerat doloribus in rerum aspernatur. Eum accusantium ullam rerum facere labore aliquid qui. Dicta qui in et blanditiis et.', 'Dolor iusto esse quia ratione hic. Ipsum qui fugit qui reiciendis expedita non. Pariatur aliquid est aut ut doloremque a. Facere eos tenetur sint aliquam aut.', '2021-06-27'),
 (10, 10, 'Sint non velit sed magnam reprehenderit est ipsum.', 'Iste rerum numquam et doloremque nisi minus animi. Quisquam qui doloremque vel cumque distinctio voluptates debitis praesentium. Libero molestiae expedita odit officia ut ab delectus. Eos consequuntur nihil delectus delectus eum tenetur perspiciatis.', 'Eum maiores laborum fuga qui aut sequi. Accusantium blanditiis in ex laboriosam provident repellat ad. Sunt qui eum libero quod. Voluptatem nostrum voluptatem perferendis vero sunt quam.', '2010-03-22'),
 (11, 11, 'Fuga voluptatem laudantium accusantium ullam.', 'Quia tempora et consequatur culpa doloribus inventore eius. Iste neque architecto saepe consequuntur velit aperiam ut. Id ullam ipsum eveniet. Quas nostrum rem at. Ea iure magnam necessitatibus ad error.', 'Quam labore suscipit consequatur et itaque hic. Fuga eveniet quae officiis quis dignissimos. Numquam quaerat a id quasi.', '2002-04-11'),
 (12, 12, 'Quaerat commodi dolorum ex eos.', 'Iste dolor ex sed. Nulla quis vitae inventore amet neque libero. Dolores velit odit dignissimos repellendus sapiente ducimus officiis.', 'Accusamus reprehenderit molestiae molestiae expedita tenetur. Suscipit sed aut non saepe quia quia. Vel voluptas molestiae porro molestias. Omnis harum neque adipisci quo cupiditate dolorum.', '2010-10-02'),
 (13, 13, 'Aliquid sunt et sunt labore nostrum blanditiis harum.', 'Ut voluptates itaque itaque et maiores enim. Est qui velit sequi nesciunt laboriosam. Quo voluptatem quas modi facere voluptatem. Totam quibusdam fugiat facere ut vel culpa in.', 'Aliquid ea quia eveniet est tempora fugit. Consequatur voluptatum molestias blanditiis mollitia. Consequatur perferendis corporis odio voluptates.', '2014-05-26'),
 (14, 14, 'Veritatis quos adipisci temporibus est.', 'Sed vel facilis est sapiente. Ipsam dolor dolores sunt eveniet laborum dolores dolores. Amet qui odio optio rerum.', 'Dolor quibusdam illo tenetur ad. Aut dolor delectus sed est et. Aut aut veritatis est quam assumenda beatae.', '1976-08-25'),
 (15, 15, 'Quas corporis voluptatibus reiciendis ut.', 'Natus ex quibusdam in qui aliquid placeat. Soluta itaque id corporis quia repellat ea voluptas. Ab quas iusto error nesciunt tenetur aut sint. Sunt non aut atque impedit quia qui consequatur.', 'Nulla et ut illo quia reprehenderit minima. Amet ab ullam sed. Necessitatibus quae culpa rem non dolor aliquid. Mollitia et ad veniam.', '1992-10-20'),
 (16, 16, 'Eum et officia minus natus in ad.', 'Nemo tempora repellendus ea natus et quia illum. Cupiditate ex qui sit quam aliquid. Ex et molestias fugit ipsa dolore. Hic facilis consequatur omnis quia illum impedit. Ut assumenda voluptatum omnis iure et.', 'Facilis quas impedit cum dignissimos accusantium. Excepturi non sunt enim perspiciatis. Consequatur sit nihil qui nihil esse.', '1980-09-22'),
 (17, 17, 'Pariatur repellat blanditiis odio et et non.', 'Nihil sunt fugiat quas quo reprehenderit. Veniam qui dicta sint architecto. Sit minima sed maxime. Veniam tenetur architecto esse aut modi voluptatem.', 'Numquam illo possimus voluptatibus ducimus earum qui. Sunt iure iure aut voluptatem laudantium laudantium. Sed sapiente cumque inventore sint sit porro.', '1999-12-14'),
 (18, 18, 'Nesciunt illum quaerat pariatur ut adipisci id sit ratione.', 'Eveniet molestiae iure porro rerum eum autem. Aut quis itaque nam iste sed harum nihil. Vel quos placeat dolor dolores. Qui excepturi voluptatum id quos. Sunt nam non tenetur et laboriosam.', 'Qui nemo unde eius alias voluptas a quos illo. Consequatur atque et at. Sed labore sed quia ex aliquid quo quas est.', '1991-11-21'),
 (19, 19, 'Quod laborum molestiae esse consequatur qui delectus aut.', 'Beatae in necessitatibus laudantium iusto numquam. Iste dolorem consequatur nostrum expedita saepe non. Maiores quia quia omnis perferendis. Sunt magni porro iusto et aliquid perspiciatis praesentium. Hic tenetur quas temporibus vel.', 'Laudantium vitae placeat magni qui est quas. Facilis quo provident et repellat. Laboriosam velit sit illum quam corrupti alias.', '1998-10-30'),
 (20, 20, 'Ab provident voluptatum tempore illum maiores.', 'Rerum reprehenderit ea dolores ipsam ipsa veniam ducimus. Sequi et dolor enim voluptatibus sint dolorem sint. Nobis ut eveniet omnis corrupti ratione provident nisi.', 'Quia consequatur architecto ipsum rerum. Eaque ea et sit et. Iusto minus quaerat nihil rerum rerum temporibus adipisci. Iusto perspiciatis aliquid nobis dolor.', '1972-07-21'),
 (21, 21, 'Voluptas aliquid eos nobis unde suscipit velit ut.', 'Saepe dignissimos neque quaerat incidunt. Sunt eius quod et expedita eos. Quam suscipit facere reiciendis ducimus. Qui ipsum et inventore molestiae dolor cum placeat.', 'Quae et nihil reiciendis esse sunt sit. Mollitia ipsam quibusdam ut voluptas maiores et. Molestiae numquam rerum commodi sit. Tempore architecto impedit recusandae iure necessitatibus quia.', '1986-02-24'),
 (22, 22, 'Qui ex ut nihil.', 'Et ut vel possimus officia explicabo provident laudantium aut. Omnis et minima libero odio sunt. Ipsam dicta quo et nam deleniti.', 'Sunt officiis consequatur ut quis nostrum aspernatur. Magnam et cupiditate odio quos officiis architecto. Tenetur amet harum amet dolorem eius libero. Amet sit quo consequatur ut suscipit.', '2001-08-14'),
 (23, 23, 'Laboriosam fuga ut saepe et.', 'Ea aspernatur temporibus qui incidunt magnam quam rerum laboriosam. Rerum id nesciunt sint magni. Odio voluptatum quae dolor omnis. Hic exercitationem quia impedit voluptatem.', 'Quae ea adipisci cumque. In quis nulla placeat in inventore. Nihil sed distinctio quaerat vero id facere enim.', '1992-01-30'),
 (24, 24, 'Tenetur exercitationem quae voluptatem necessitatibus.', 'Expedita dolores blanditiis aut cumque quam aut consequatur. Nisi culpa corrupti numquam. Beatae dolore quaerat voluptatem qui et. Eveniet a aut molestiae ea minus asperiores cumque sit.', 'Est hic quia minus eius nulla cupiditate est. Quia est suscipit aliquam mollitia aperiam quo. Sunt repellendus consequatur tenetur et fugit omnis numquam.', '2010-09-27'),
 (25, 25, 'Voluptates aliquam eos quia ut voluptas maxime ratione.', 'A ut aut aspernatur magnam quisquam soluta facere aliquid. Vero alias dolorem perferendis dolorem omnis. Reiciendis est rerum quo esse et nam.', 'Voluptatem eveniet ipsa quod quae totam facilis quo. Aut facere voluptatem et molestias ipsum praesentium. Minima quia et magni.', '1971-12-06'),
 (26, 26, 'Non et aut ipsam sed ut ratione at provident.', 'Voluptatem sit quia consequuntur deserunt. Tempora sed ullam magnam occaecati. Consequatur sed et asperiores sed doloribus eligendi harum.', 'Cupiditate accusamus necessitatibus animi. Ea voluptatem qui cupiditate nostrum. Voluptatem enim aperiam sint quasi ad. Dolorem enim tempora est explicabo consequatur dolorum sequi.', '2002-11-06'),
 (27, 27, 'Natus perspiciatis qui ut veritatis.', 'Deleniti minima nemo dolor rerum qui autem. Est laboriosam minus aut aliquid tenetur. Neque nihil voluptas quaerat sit. Non sequi dolor voluptatem mollitia totam ea.', 'Voluptate magnam nisi aliquam ut rerum cumque. Animi sit minus voluptatem voluptate id. Harum accusamus pariatur architecto dolorem optio dolor.', '1974-10-16'),
 (28, 28, 'Fugiat ut consequatur adipisci.', 'Ea nesciunt et ipsum voluptatem. Ut harum debitis commodi laborum accusantium voluptas libero. Vel unde nulla aspernatur doloremque possimus id. Nesciunt omnis qui sed mollitia.', 'Voluptas dolore eos eligendi quo hic minus necessitatibus iste. Incidunt ipsum explicabo laborum eius quo sit dolorem. Sint quae quia reprehenderit.', '1987-08-25'),
 (29, 29, 'Consequatur nihil omnis aspernatur praesentium enim.', 'Ea ullam numquam non laudantium doloremque. Praesentium odio omnis consequatur itaque repellat qui. Recusandae fugiat minima id ea quam. Officia sit sit cumque error sit.', 'Labore odio incidunt ut qui est. Omnis ut ex consequatur sed et in minus. Aperiam doloremque quia eligendi magni et ipsa id.', '1998-02-03'),
 (30, 30, 'Laudantium reiciendis quia et tenetur molestiae et.', 'Omnis quia et harum aut atque illum et. Totam aliquid minima quidem unde magni laboriosam. Maiores qui placeat repellat totam aspernatur sapiente ducimus.', 'Et alias neque modi harum cumque accusantium. Officia eos alias laborum suscipit temporibus asperiores ut. Ut blanditiis omnis non. Non ullam et ut.', '1986-09-19'),
 (31, 31, 'Possimus minima voluptas atque placeat nam ad adipisci.', 'Eum pariatur officiis quasi possimus. Ut consequuntur debitis deserunt possimus voluptatem sapiente iusto ipsa. Quia ipsam beatae aut dicta sapiente accusantium magni. Alias voluptatem ut nisi et quis beatae.', 'Distinctio et eos ducimus culpa. Consequatur ut consequatur ut et sit atque voluptates. Excepturi recusandae provident dicta et. Non iure commodi eligendi voluptas.', '2020-06-27'),
 (32, 32, 'Non harum voluptas quisquam soluta vero qui atque.', 'Molestiae sed officiis nemo eligendi consectetur saepe. Modi excepturi et hic quisquam nesciunt eum. Sit culpa possimus accusantium.', 'Molestiae fugit facilis saepe voluptatem nisi. Quisquam molestiae ab quidem iste maxime eligendi. Quo laudantium occaecati veniam nemo est magnam. Ut autem cum sed.', '1994-05-19'),
 (33, 33, 'Ut ut dicta totam est rerum in.', 'Ea rerum autem laudantium assumenda quia. Sapiente distinctio nesciunt in eos et amet sint. Cum maiores eveniet quasi nam reiciendis et. Et voluptatem accusamus consectetur numquam voluptates.', 'Ut dolorem rem nam ipsum quo fuga tenetur ut. Commodi et veritatis ipsam aut aut voluptatem dicta. Adipisci consequatur magni rerum culpa suscipit ducimus porro.', '2023-05-30'),
 (34, 34, 'Asperiores dolores blanditiis natus modi cupiditate corporis.', 'Veniam voluptas et hic aut. Cumque eligendi dolorem molestiae voluptate debitis. Aspernatur officia repellat tenetur dicta et rem.', 'Exercitationem alias quaerat veritatis ea consequuntur. Esse expedita a similique. Repudiandae numquam labore laudantium qui qui.', '2013-07-13'),
 (35, 35, 'Aut aut maxime aliquid dignissimos maxime quia.', 'Ipsum aut consequatur vitae iste est eius quia placeat. Veritatis reiciendis ex rerum velit necessitatibus. Amet dolor et nemo aspernatur sit in excepturi. Incidunt beatae id cumque magnam iste quas ea.', 'Nihil rerum nulla id consequatur voluptas exercitationem. Dolorum sunt deleniti in rerum error consequatur. Delectus et non et est sit ut ut. Laboriosam dolore non distinctio et fuga veritatis.', '1990-06-09'),
 (36, 36, 'Consequatur qui cumque deleniti et.', 'Voluptatibus nemo est dolor nemo exercitationem. Ipsa aut nemo voluptatem. Odit nesciunt voluptatem ex dolor repellat.', 'Consequatur vero dolore molestiae ad. Repudiandae tempora qui sequi eos voluptas. Debitis autem in optio quis dolorem sed sit. Unde omnis est minus. Rem sed et excepturi qui alias rerum.', '1999-12-13'),
 (37, 37, 'Qui rerum quia ipsa dignissimos.', 'Non repellendus nemo cupiditate consequatur. Rem voluptatem unde fuga consequatur quibusdam commodi quod provident. Officia facilis quasi sed voluptatem veniam eos. Facere quidem dolore ut rerum dignissimos.', 'Debitis asperiores sint quia aut et. Perferendis tenetur et aliquam hic unde ipsum. Quasi possimus necessitatibus suscipit recusandae doloribus.', '1971-07-03'),
 (38, 38, 'Alias molestias omnis quisquam laborum quia voluptas.', 'Ea quasi officia eaque. Et sequi aut aut. Quisquam est tenetur non ratione.', 'Aut aut est dolorum voluptas aliquid commodi rem possimus. Error animi nihil quia explicabo. Sit dolorum quis debitis cum nam laborum. Sint ut expedita maxime maiores nemo.', '1995-10-01'),
 (39, 39, 'Aut doloremque nihil incidunt.', 'Et non reprehenderit expedita aliquid. Illo ex quo fuga earum. Doloremque recusandae vitae accusamus veniam provident illo dolores nulla. Praesentium possimus eos vero ex quae aspernatur.', 'Nihil in eos enim eius. Laboriosam eius natus animi voluptatum. Quas voluptatem qui mollitia tempora ipsa est.', '1975-03-07'),
 (40, 40, 'Quis possimus expedita est molestiae id officiis error odio.', 'Et quia tempora repellat illum. Praesentium asperiores est quas facilis omnis. Molestiae et sint sint molestias ut provident similique. Et rerum et occaecati voluptates ex consequatur. Occaecati nemo ipsam enim reprehenderit et iste.', 'Officia porro occaecati exercitationem quis non eveniet. Maxime est consequuntur doloremque et ea cupiditate. Illo modi dolores quo rerum vero enim. Eaque rerum est sed qui.', '1973-06-13'),
 (41, 41, 'Enim voluptates assumenda ipsam sit saepe vel.', 'Consequuntur exercitationem eius itaque tempora. Ipsum qui fugit iste voluptas facere et.', 'Est voluptatem nobis eligendi in. Officia quos et illo quisquam ipsum quo. Dolore tempora ratione exercitationem quasi sunt. Et ad non expedita quibusdam id nihil.', '2004-04-22'),
 (42, 42, 'Sunt voluptatum doloribus vero possimus rerum.', 'Quae velit veritatis aperiam quam voluptatibus facilis non rerum. Ea ipsam voluptatum est adipisci est et eligendi. Consectetur optio fuga rem sit voluptas perspiciatis.', 'Molestiae labore quos ducimus eligendi. Vitae nam sed eum. Error et ut et cum saepe officiis.', '2006-01-03'),
 (43, 43, 'Et eveniet culpa aut itaque odit impedit placeat.', 'Et quam est laborum et autem a error. Id excepturi quasi saepe incidunt sit maiores. Unde est quo iste praesentium et optio. Non consequatur magni dolor praesentium.', 'Id eveniet rerum accusamus vitae. Qui possimus voluptas quia dignissimos quia accusamus. Cupiditate omnis maiores quia minima ut officia tenetur.', '1989-06-16'),
 (44, 44, 'Possimus in tempora culpa debitis est maiores deserunt.', 'Impedit ducimus est voluptatibus necessitatibus vel est. Hic cum numquam aliquid excepturi eius dolorem. Deleniti aut fuga error facere voluptate excepturi distinctio a.', 'Similique soluta rerum saepe sed sunt ducimus aliquam. Porro pariatur rem dolorem a.\nIste ad vel consequatur et. Ut tenetur sit explicabo in soluta.', '1986-11-08'),
 (45, 45, 'Aut laboriosam non facere pariatur iusto.', 'Est iure sed id recusandae ab. Aut ipsum maiores distinctio. Assumenda dolores distinctio et sed alias. Numquam ut voluptas tempora delectus quisquam inventore a.', 'Enim quasi officia sed impedit quia est veniam dolor. Nobis velit autem beatae soluta voluptatem eveniet. Facilis quam qui quia dolorem enim. Nihil sunt consequuntur et consectetur qui.', '1996-01-11'),
 (46, 46, 'Sunt quia eaque sunt minus ex quasi.', 'Facere beatae et beatae accusamus nisi minima eum. Nostrum facilis rem reprehenderit qui neque autem libero id. Voluptatem delectus reprehenderit dolorem temporibus maxime.', 'Nemo neque corporis assumenda quia. Ipsam ex laudantium ad quidem ad hic. Aspernatur et reiciendis magnam debitis non corrupti.', '2016-01-07'),
 (47, 47, 'Dicta deleniti cupiditate et et quo dolor.', 'Dolor quia voluptatibus ut ratione. Veniam at dolorum sed aut sequi eum animi qui. Sed et omnis omnis vero molestias sed explicabo.', 'Illum ducimus ex possimus consequuntur molestias. Dolor maiores quisquam sit ea architecto vel. Eum suscipit iusto quidem tempora rerum veniam quia. Vel quo et sed unde debitis.', '2008-04-28'),
 (48, 48, 'Tenetur ut id minima vitae eos distinctio.', 'Consequuntur quis officia quia perspiciatis fugit qui. Unde qui perspiciatis dicta voluptatem minus.', 'Laudantium alias eveniet repudiandae consequatur dolorem. Blanditiis sunt saepe ut. Occaecati cumque laudantium neque ut vel asperiores.', '2017-09-03'),
 (49, 49, 'Necessitatibus et sint est explicabo quo laborum.', 'Asperiores nulla mollitia rerum autem provident. Et debitis sapiente totam sunt commodi magni sed. Rerum ipsam aut fuga non facere.', 'Nihil eius quisquam enim qui et error repellendus facilis. Quasi laboriosam magnam dolores rerum dicta exercitationem.', '1985-03-19'),
 (50, 50, 'Rerum sint repellat saepe hic.', 'Dolores itaque eaque porro dolores vel qui reiciendis. Quia nam voluptas minima molestiae nam. Cupiditate eum qui quis fuga veritatis.', 'Exercitationem odit officia et eveniet aperiam qui. Dolore qui quia dolores rem et ut. Aut mollitia ut non molestiae. Voluptatem ex commodi ad.', '1977-08-25'),
 (51, 51, 'Sint dolores reiciendis nesciunt laudantium.', 'Illum sint rerum aspernatur labore cupiditate non autem harum. Ipsum maiores quidem minima tempore dolorem fugit quis. Blanditiis quia iure aliquam sed.', 'Quia eaque ex laboriosam nesciunt doloribus. Culpa iure ab ullam placeat eum ducimus sed. Repellat dolores molestias alias enim reprehenderit sunt.', '1981-07-21'),
 (52, 52, 'Vel quisquam est modi quia.', 'Praesentium voluptas voluptatem nam ut. Sed ad pariatur est dolor. Nihil id illum et animi. Repellat quis velit est in est ea sed.', 'Doloremque voluptate dolores velit et atque adipisci quis totam. Ex quia rem optio atque modi. Velit ipsa commodi facere autem provident autem. Quidem quia cupiditate consectetur reprehenderit illum.', '2023-01-11'),
 (53, 53, 'Neque culpa ad eos minus culpa odit molestias minus.', 'At aperiam alias maxime odit. Beatae voluptatem autem voluptate dolores. Ad minus impedit quod asperiores autem consequatur ducimus.', 'Molestias sed vitae rerum iste. Reprehenderit eius esse aliquam vel eum quos molestiae. Qui perspiciatis at vel.', '1970-03-09'),
 (54, 54, 'Quasi dolorem possimus vel voluptas iure incidunt eum.', 'Quas dicta nobis dicta facilis ea. Dignissimos voluptatibus voluptatem molestias aut dolor dolorem. Deleniti quis omnis dolor unde tenetur in recusandae quia.', 'Quia voluptas quaerat esse ut. Possimus est sapiente hic tenetur. Accusantium necessitatibus similique voluptatum aut in id. Eligendi dicta quos consequatur nobis ut deleniti.', '2007-05-24'),
 (55, 55, 'Nulla eligendi voluptates autem.', 'Aut voluptates et omnis nobis pariatur ipsa. Nam quo voluptatum quis in consequuntur ea eaque recusandae. Velit ratione perspiciatis error qui facere quia rem. Quis quia sit consequatur quia voluptatum cumque exercitationem omnis.', 'Veniam at distinctio et velit quia. Amet harum enim dicta tempora sapiente aut. Officia quasi voluptatibus minima labore suscipit et quasi eligendi.', '2016-01-19'),
 (56, 56, 'Numquam aspernatur nisi et reprehenderit mollitia natus voluptates.', 'Officia placeat ipsam impedit. Velit consequatur quidem modi. Ipsum harum repellendus est sit molestiae ut. Unde ut ut nulla debitis enim perspiciatis ullam.', 'Autem velit id distinctio nam quia eos. Dignissimos sapiente libero aut autem et. Quod fugiat aut ut mollitia. Esse in ullam voluptas voluptatum consequatur.', '2007-02-22'),
 (57, 57, 'Et laudantium excepturi vel at earum.', 'Fuga enim eius saepe tempora fuga. Nostrum non iure quia. Est illo voluptatem nisi optio velit. Animi dicta molestias minima cumque dolorem vitae.', 'Corporis labore quis placeat et quaerat debitis ab. Doloremque odio excepturi in aspernatur sunt id. Molestias soluta officia ad porro quos. Consequatur officia et consequuntur suscipit dolorem ut.', '2001-10-31'),
 (58, 58, 'Vel dolores quis dicta consequuntur voluptatem.', 'At expedita voluptas ab assumenda voluptatem quam. Blanditiis maiores sed esse voluptas. Ullam exercitationem maiores amet officiis mollitia.', 'Architecto dolorem dolores ipsa iusto. Magni quo sapiente inventore animi quaerat et. Enim ad fugit necessitatibus et culpa soluta est.', '2011-05-11'),
 (59, 59, 'Quo aut culpa quis enim autem ipsa.', 'Libero nihil in et officia qui accusamus amet. Rerum est repellendus dolorem quia saepe nobis voluptatum.', 'Vitae rerum qui quaerat perferendis et sint in. Suscipit quia non est qui quas cupiditate. Et non harum necessitatibus omnis harum esse illo eos.', '1989-10-14'),
 (60, 60, 'Veniam praesentium nisi aut at adipisci.', 'Dolore voluptas perferendis ut eum odit sed. Mollitia quia vel et sint et et assumenda. Enim ipsa aspernatur doloribus quia porro quam beatae.', 'Fugit illo et ut illo. Corrupti qui commodi debitis tenetur. Dolorum quae illo eligendi at qui harum rerum. Itaque omnis incidunt nobis nihil. Est sed impedit repellat molestiae.', '2007-08-28'),
 (61, 61, 'Quasi non quis nihil quisquam ut a.', 'Ipsam eveniet saepe expedita nemo facilis. Impedit soluta iste corrupti qui. Et tempore aut est sint hic dicta.', 'Voluptatem ut sint odit. Blanditiis enim fugiat voluptas labore dolorum nostrum. Explicabo quia quaerat mollitia aut. Voluptates fugiat quae nihil ea et deserunt deleniti. Porro qui ut officia.', '2013-09-06'),
 (62, 62, 'Quibusdam quia asperiores exercitationem amet suscipit qui voluptatibus asperiores.', 'Quaerat sint nobis molestias esse. Excepturi temporibus aut natus sit. Aut omnis est quia nemo et eius.', 'Vel ratione possimus blanditiis quo hic dolores quia iste. Natus sit quaerat aut rerum. Et sint quod amet corrupti facilis.', '2019-02-20'),
 (63, 63, 'Quas earum molestias odio tempora.', 'Quod voluptatem repudiandae voluptas ut repellendus et. Voluptate et laboriosam ea. Quas molestias vel incidunt dolorem velit fugiat.', 'Recusandae necessitatibus ipsa esse aperiam quasi optio. Libero iste architecto et dolor dolorem harum. Corporis ad soluta suscipit asperiores ducimus.', '2019-06-26'),
 (64, 64, 'Dolores est alias incidunt et voluptatem nobis cupiditate.', 'Ipsam sapiente eaque nobis veniam. Officiis eos qui ab et. Aut quod facilis temporibus debitis. Aperiam explicabo voluptates dolorum debitis.', 'Amet quae temporibus unde vero reiciendis molestias cum. Voluptatibus ut voluptatem in impedit ea id incidunt.\nLaudantium tempora fuga mollitia explicabo. Enim atque ratione incidunt et.', '2010-02-07'),
 (65, 65, 'Qui excepturi nisi quia.', 'Possimus iure quidem alias. Voluptas eos magnam recusandae nam sunt assumenda aliquam. Illum qui sed est nihil consequatur odio nobis. Sequi odio eius perspiciatis magnam mollitia.', 'Ut perspiciatis molestias recusandae ratione. Aut porro veniam architecto. Et minima dolores est sit est asperiores. Quis at at quo optio qui.', '1971-02-05'),
 (66, 66, 'Earum voluptatem illo quia inventore voluptatem.', 'Et nesciunt occaecati omnis quam dolor. Consectetur quia quia veritatis beatae quisquam non saepe. Laudantium odio error et ut eius. Illum minima ipsa et et perferendis dicta porro.', 'Et expedita eaque illo blanditiis quia natus doloremque. Eligendi alias dicta perspiciatis rerum similique temporibus. Voluptas deleniti maiores necessitatibus deleniti ullam repudiandae.', '1974-10-19'),
 (67, 67, 'Voluptatem rem sit quia numquam sed fuga.', 'Consequatur voluptate excepturi nostrum dolores. Placeat quia consectetur voluptates iure. Eum sunt sequi qui sit. Ullam adipisci eum quo qui alias exercitationem sed.', 'Illo mollitia vero error sunt dicta dolorum. Ullam et minima ea eligendi. Modi id dignissimos molestias vero qui dolor.', '1970-12-13'),
 (68, 68, 'Doloribus ipsum quisquam qui ratione error.', 'Sed pariatur vero sapiente porro aut consectetur. Non fugit iusto voluptates sed ratione dicta. Velit asperiores aut perspiciatis et qui quia sed. Esse enim aliquid totam quam. Dolor laboriosam dolor quod et laboriosam.', 'Ut amet possimus quia itaque minus assumenda. Praesentium possimus rerum beatae tempora dignissimos blanditiis.', '2008-10-10'),
 (69, 69, 'Sed iste sit necessitatibus consequatur perferendis odit sunt.', 'Vel eum hic et ipsa ab deserunt natus. Quibusdam omnis in eum quod. Voluptate sed alias cumque beatae aut excepturi.', 'Quo molestiae et quis voluptatem ut. Et ipsam est dicta doloribus molestias fugiat. Dolor officia corporis cum et quibusdam praesentium veniam.', '2013-11-19'),
 (70, 70, 'Reprehenderit et iste recusandae sit repellat quos saepe.', 'Id et culpa tempore molestiae et corrupti aliquam aut. Laboriosam reprehenderit consequatur voluptatem expedita eligendi iste illo. Placeat minus accusamus quia nam sint excepturi exercitationem.', 'Tenetur praesentium dolores dignissimos sed. Saepe aliquam tempore et aut quae debitis perferendis dolores. Dolor molestias dolorem odit ea adipisci. Distinctio et dolor aut voluptatibus at et eum.', '2004-09-23'),
 (71, 71, 'Et molestiae dolorem pariatur nemo.', 'Ex laudantium aspernatur rerum autem. Facere nisi maiores dolorem aliquam ut. Quis ea et iure sed mollitia quaerat numquam. Nihil molestiae assumenda quo unde.', 'Quia culpa eaque ut ex eum neque. Incidunt est dolor molestiae quae. In commodi odio facere perspiciatis.', '2000-08-05'),
 (72, 72, 'Repudiandae aliquid dolore est qui.', 'Natus et quia veniam eveniet quos. Libero doloremque ducimus sit delectus dolor consequatur quibusdam. Iusto aut quam eaque eum eum.', 'Aspernatur pariatur voluptas eos voluptates perspiciatis deleniti. Ut in voluptate natus. Soluta placeat odio possimus quis voluptate pariatur enim.', '1986-05-30'),
 (73, 73, 'Ut temporibus eum quisquam unde et a.', 'Ab praesentium in veritatis repellendus dolores quia. Temporibus nulla qui aut. Animi perferendis rerum sapiente odit temporibus facere.', 'Dolore earum eligendi illo ad quia tenetur. Sed ullam est sed earum earum explicabo. Sint sequi iusto quod. Dolorem quas magnam quaerat unde.', '2003-02-21'),
 (74, 74, 'Perferendis sit et quae accusantium voluptatem provident voluptatum.', 'Ex doloribus numquam qui. Deleniti aut cum aut quod consequatur quam delectus id. Ut reprehenderit sequi veritatis architecto voluptas dolor.', 'Occaecati ex quibusdam aut ipsam expedita necessitatibus ut. Voluptatibus ea quaerat beatae quia. Qui quibusdam ducimus asperiores labore quod fugiat dicta sint.', '2005-07-18'),
 (75, 75, 'Est rem eveniet voluptas aut et.', 'Aspernatur deserunt in error quas est quod voluptatem voluptatum. Minus suscipit voluptatem sed dicta eos rerum. Distinctio quia soluta temporibus placeat quibusdam ut. Dignissimos dignissimos dicta eum dolore temporibus.', 'Dolores excepturi velit quia ipsum voluptatibus laudantium voluptas. Distinctio est voluptatem in qui et.', '2019-10-14'),
 (76, 76, 'Odio vel nobis distinctio dolor hic blanditiis et.', 'Ex voluptatem a incidunt et qui repellat. Fugiat assumenda dolorum ut sit eveniet. Quod vel aut aut doloribus. Quasi ea adipisci aut voluptas possimus possimus.', 'Itaque dignissimos amet fugit quia sed minus repellat. In ipsam sunt quia. Id qui minus magni.', '2007-09-22'),
 (77, 77, 'Cumque amet molestiae asperiores adipisci quisquam cumque.', 'Sit dolor voluptatem error. Ut ut sequi quo quasi vitae quis et. Dolores et repellendus sequi tempora eligendi.', 'Ut non et unde voluptatum magnam consectetur. Quibusdam id accusantium nam praesentium nihil dolorum.', '1998-08-24'),
 (78, 78, 'Sed temporibus sit maiores et quibusdam.', 'Deleniti aut nesciunt alias. Quia sit nemo iusto ab. Possimus voluptatem qui blanditiis tempora. Quis rerum et et totam dolor sequi.', 'Praesentium accusantium enim ex autem aut dolor eos. Vero repellat et laboriosam quia qui. Aspernatur corporis est porro est.', '2020-02-01'),
 (79, 79, 'Modi voluptatem rerum pariatur placeat voluptatem asperiores.', 'Nihil consequuntur nostrum sunt mollitia cum assumenda velit rerum. Et nihil tempora culpa nam molestias.', 'Autem provident a vel excepturi incidunt et. Mollitia id voluptas dignissimos officia ut. Enim est alias illo dicta. Vel est non corrupti culpa quo.', '1984-10-06'),
 (80, 80, 'Iste vitae consequatur est odio officia sunt quas accusamus.', 'Ab modi earum quia molestiae voluptatem. Consequuntur reprehenderit aliquid id ipsum et. Ducimus animi impedit dolorem dolore excepturi aut odit. A delectus et exercitationem provident.', 'Distinctio exercitationem quo eligendi necessitatibus eligendi ipsam. Minima atque totam et natus eaque in quia. Consequuntur incidunt ab aut itaque ab nam ea.', '1983-02-19'),
 (81, 81, 'Voluptatibus eum ipsum inventore nesciunt ipsum illum nobis.', 'Expedita voluptas quasi assumenda voluptas deleniti quae et doloremque. Aut non dolor ipsam eveniet doloremque. Soluta non sit aliquid pariatur iusto repudiandae ut.', 'Qui dolores doloribus repudiandae blanditiis fugit nisi ex. Quaerat dicta amet quaerat. Temporibus minus excepturi cupiditate excepturi quia.', '2001-08-06'),
 (82, 82, 'Quidem non nesciunt eum eum ab assumenda.', 'Eaque nemo nisi sit saepe. Suscipit quia quo molestiae accusantium nostrum. Harum dicta dolor architecto voluptates voluptas impedit dolor. Quam qui minus dignissimos nisi sed voluptatibus.', 'Totam similique voluptates reiciendis placeat et laborum. Consequatur explicabo dolorem voluptates ut. Ab laborum quia doloribus impedit laboriosam cupiditate.', '1994-03-11'),
 (83, 83, 'Modi reprehenderit non nostrum sed quo facilis.', 'Sit odio cum voluptatum commodi. Velit velit quasi eaque sit corrupti. Quam consequatur accusamus et in. Quis aliquam labore qui quas possimus. Corrupti similique fuga vero similique modi aut.', 'Id qui unde nesciunt autem ut pariatur est. Facere autem voluptate quia autem vero maxime. Id non doloremque dolor maiores rem.', '1976-05-23'),
 (84, 84, 'Repellendus accusamus possimus perspiciatis eligendi placeat molestias.', 'Et aperiam fugit esse hic. Maxime id molestiae et veniam corporis sed rerum. Est minus earum voluptas ut optio tempore dolores.', 'Et aut et explicabo non eum suscipit id. Dolorem autem qui et tempore. Commodi vel qui modi.', '2018-12-19'),
 (85, 85, 'Fugiat est voluptas ducimus voluptatem.', 'Doloribus repellat et voluptatem id et voluptate. Cupiditate saepe voluptate corrupti aut error ut labore.', 'Aperiam in vero deserunt delectus illum est. Nihil dolor porro qui soluta. Culpa et nisi sunt repellat labore numquam voluptas. Maxime occaecati sint molestias voluptas provident odit.', '2013-08-28'),
 (86, 86, 'Inventore quis sequi pariatur nam ut temporibus dolorem deleniti.', 'Accusantium sint consequatur nihil exercitationem et. Excepturi beatae aut non et. Tempora vitae ut quia laboriosam quia praesentium eos.', 'Quo nemo dolorem eum fugiat maxime fuga voluptatibus. Dolores recusandae neque eaque omnis quaerat dolor veniam magnam. Magnam sit sit blanditiis laudantium vero in.', '2004-11-19'),
 (87, 87, 'Dolores beatae a debitis consequatur ut porro aut.', 'Omnis et enim quia hic earum aut aut. Ipsa dolorem provident nulla dolores suscipit ab voluptas.', 'Quis a ducimus nam quibusdam qui. Nobis recusandae aperiam perferendis aut doloremque nulla occaecati. Dolores veniam corporis delectus veniam.', '1984-11-27'),
 (88, 88, 'Ad modi sit minus maiores dolorem soluta fugit.', 'Sit voluptatibus praesentium tenetur sed occaecati. Et voluptatum eos dolorem reprehenderit in non. Suscipit ex omnis dolores saepe velit quaerat quidem illo. Quod officia fuga quia aut alias voluptates.', 'Dignissimos laborum at earum nemo ut nobis debitis. Ut incidunt provident quisquam qui quo quam. Quasi ipsum voluptatem unde nulla rerum itaque officiis.', '2010-09-01'),
 (89, 89, 'Dolorem quas iure est enim maiores tempore rem maiores.', 'Qui nulla sit et id non. Quod ullam qui quod. Officiis maiores qui aspernatur delectus debitis et nam.', 'Facere voluptatem itaque expedita. Libero ducimus aut vero enim. Similique quia nihil molestiae quam rerum provident enim. Et ut repellat et nisi commodi dolores.', '2015-03-28'),
 (90, 90, 'Optio praesentium aliquid porro cumque est.', 'Ipsam omnis deserunt molestiae in qui eius. Sunt voluptas quis sequi placeat dicta et. Aliquid debitis corporis illum iusto sunt exercitationem.', 'Debitis deserunt est eos qui atque maiores. Et et veritatis et exercitationem omnis expedita et itaque. Et et vel accusantium sit vel ad. Velit totam velit ut reiciendis autem.', '2016-09-04'),
 (91, 91, 'Dicta nihil ipsa ab nemo qui ut vel mollitia.', 'Non praesentium magnam consequatur velit accusamus eos a. Fugiat quasi qui veniam voluptatem in enim sunt. Libero nihil incidunt ad.', 'A quisquam voluptate distinctio numquam omnis laboriosam culpa. Exercitationem dolor hic voluptatem fugit facere magnam perspiciatis. Ab dolor rerum neque quod possimus totam non.', '2017-09-10'),
 (92, 92, 'Eveniet nostrum aut placeat harum cumque dolorum pariatur sequi.', 'Asperiores rerum ratione quae. Delectus aliquam autem occaecati vitae ea.', 'Minima officia eveniet et et voluptatem voluptatem. Quo voluptatibus provident facere. Id autem reiciendis neque tenetur porro ab. Et omnis ipsa eaque.', '1993-08-15'),
 (93, 93, 'Quidem debitis autem praesentium.', 'Veniam culpa sit culpa et enim repudiandae cupiditate. Laudantium possimus distinctio est porro eos. Et suscipit excepturi id porro atque nostrum voluptas temporibus. Aspernatur ad rerum fuga rerum id nobis consequatur.', 'Consectetur maiores itaque harum harum reiciendis. Voluptas sunt quasi est ullam est voluptas. Veniam veritatis iste esse rerum.', '1977-03-05'),
 (94, 94, 'Rerum sed labore reiciendis.', 'Libero incidunt dolorem tenetur nemo odio qui. Vel voluptates deleniti qui ut aperiam consequatur sed. Dolorem at nemo sed sed id corporis ut.', 'Quas doloribus aut non nostrum nesciunt vel aut. Sint commodi nihil dolores dignissimos. Et necessitatibus itaque ut omnis.', '1977-05-05'),
 (95, 95, 'Eos non hic ipsam voluptates molestias itaque vel.', 'Porro rerum et enim autem perspiciatis ea est. Rerum perferendis ut amet dolorem eaque quo iure. Modi labore inventore libero officia et blanditiis.', 'Aspernatur velit veritatis quaerat consequatur rem. Aut ut aut eveniet aut earum magni consequatur. Distinctio et at dolorem doloremque voluptatem aperiam beatae.', '1989-11-02'),
 (96, 96, 'Nostrum sed laborum tenetur officiis sit.', 'Et omnis fugit doloremque maiores odit expedita perspiciatis. Voluptatibus ad consequatur optio ducimus vel dicta. Accusantium fugit et eius nobis consectetur. Accusantium culpa enim possimus itaque voluptas.', 'Omnis tempora distinctio libero ullam. Non animi cupiditate vero laboriosam ipsa doloremque. A natus consequatur dolor fuga.', '2019-01-17'),
 (97, 97, 'Perspiciatis dolores non perspiciatis nobis dicta provident.', 'Vel aut qui in pariatur minus fuga. Exercitationem aliquam magni quibusdam. Perferendis incidunt et est voluptatem.', 'Dolore laudantium aut molestiae. Autem quia impedit at omnis et pariatur nemo. Voluptatem commodi consectetur et quasi id velit. Dolor repellendus quas beatae natus et earum in.', '2011-05-21'),
 (98, 98, 'Velit accusantium fugiat molestiae.', 'Est molestiae enim mollitia at ea. Aspernatur nostrum totam temporibus quos. Voluptatum reprehenderit occaecati repellendus quod id aliquid.', 'Eos nemo et magnam ipsam esse. Dolores deleniti facilis qui id enim.\nAut vitae voluptatibus quod vel impedit reiciendis. Et quos qui ut pariatur. Qui dolores est a.', '2015-12-19'),
 (99, 99, 'Labore veniam dolorem cumque ratione non.', 'Sint est officia quisquam ut. Dolorem et nobis in eos omnis ipsa quae. Quae aut est iusto cupiditate totam nostrum accusamus.', 'Rerum quis corrupti eos quod sapiente. Incidunt ullam possimus dolor.\nRecusandae esse hic consectetur. Excepturi omnis qui eveniet. Et nostrum consequatur quis aut.', '2020-05-06'),
 (100, 100, 'Sed sit qui expedita ut temporibus ipsam inventore.', 'Quasi aliquid dolor veritatis porro dolorem quo dolorum. Reprehenderit consequuntur repellendus a officia. Voluptatem cupiditate aliquid aut voluptatum qui. Illum aut est sed et corporis in.', 'Dolores laboriosam saepe officiis fuga omnis ut excepturi. Non reprehenderit quisquam voluptas ut non. Laborum aut quo sint ut quia. Ipsa tempora occaecati temporibus esse.', '1993-08-16');


/*!40101 SET CHARACTER_SET_CLIENT=@OLD_CHARACTER_SET_CLIENT */;
/*!40101 SET CHARACTER_SET_RESULTS=@OLD_CHARACTER_SET_RESULTS */;
/*!40101 SET COLLATION_CONNECTION=@OLD_COLLATION_CONNECTION */;
